link,jobName,city,company,companyType,companySize,companyUrl,workingExp,salary,eduLevel,direction,address,describe
"[""https://jobs.zhaopin.com/CC120721164J00483206605.htm""]","[""摄像师（广州第九文化创意有限公司）""]","[""广州-越秀区""]","[""广州南方人才资源租赁中心""]","[""国企""]","[""100-499人""]","""https://company.zhaopin.com/CZ120721160.htm""","[""1-3年""]","[""6K-8K""]","""中专"""
"[""https://jobs.zhaopin.com/CC120721164J00483196305.htm""]","[""摄影师（广州第九文化创意有限公司）""]","[""广州-越秀区""]","[""广州南方人才资源租赁中心""]","[""国企""]","[""100-499人""]","""https://company.zhaopin.com/CZ120721160.htm""","[""1-3年""]","[""6K-8K""]","""中专"""
"[""https://jobs.zhaopin.com/CC689087526J00545667601.htm""]","[""密室逃脱店员""]","[""广州-南沙区""]","[""山西蓝宇文化创意有限公司""]","[""民营""]","[""20-99人""]","""https://company.zhaopin.com/CZ689087520.htm""","[""无经验""]","[""3.5K-6K""]","""学历不限"""
"[""https://jobs.zhaopin.com/CC725846590J00379727104.htm""]","[""企业文化专员""]","[""广州""]","[""广州香蕉文化发展有限公司""]","[""民营""]","[""20-99人""]","""https://company.zhaopin.com/CZ725846590.htm""","[""1-3年""]","[""5K-7K""]","""大专"""
"[""https://jobs.zhaopin.com/CC871553570J00390421206.htm""]","[""直播艺人""]","[""广州-天河区""]","[""东云创意(广州)文化传播有限公司""]","[""民营""]","[""1000-9999人""]","""https://company.zhaopin.com/CZ871553570.htm""","[""不限""]","[""6K-8K""]","""学历不限"""
"[""https://jobs.zhaopin.com/CC156976022J00138327305.htm""]","[""快递仓管员（荔湾葵蓬）""]","[""广州-荔湾区""]","[""德邦物流股份有限公司""]","[""民营""]","[""10000人以上""]","""http://special.zhaopin.com/2016/sh/dbwl031452/index.html""","[""不限""]","[""4K-6K""]","""大专"""
"[""https://jobs.zhaopin.com/CC156976022J00297293805.htm""]","[""物流专员（荔湾葵蓬）""]","[""广州-荔湾区""]","[""德邦物流股份有限公司""]","[""民营""]","[""10000人以上""]","""http://special.zhaopin.com/2016/sh/dbwl031452/index.html""","[""无经验""]","[""4K-6K""]","""大专"""
"[""https://jobs.zhaopin.com/CC338175639J00343505504.htm""]","[""企业文化主管""]","[""广州-海珠区""]","[""广州进贸通供应链有限公司""]","[""民营""]","[""100-499人""]","""https://company.zhaopin.com/CZ338175630.htm""","[""5-10年""]","[""10K-15K""]","""大专"""
"[""https://jobs.zhaopin.com/CZ696893180J00099079107.htm""]","[""针织毛衣设计主管（广州）""]","[""广州""]","[""广东树业文化创意策划有限公司""]","[""民营""]","[""100-499人""]","""https://company.zhaopin.com/CZ696893180.htm""","[""3-5年""]","[""8K-10K""]","""大专"""
"[""https://jobs.zhaopin.com/CC204739029J00182437907.htm""]","[""创意主任助理 / 文案""]","[""广州""]","[""广州市学品教育信息咨询有限公司""]","[""民营""]","[""100-499人""]","""http://special.zhaopin.com/pagepublish/20473902/index.html""","[""1-3年""]","[""6K-8K""]","""大专"""
"[""https://jobs.zhaopin.com/CC136524368J00498027505.htm""]","[""人事专员（企业文化）""]","[""广州-天河区""]","[""广州市万科物业服务有限公司""]","[""上市公司""]","[""1000-9999人""]","""https://company.zhaopin.com/CZ136524360.htm""","[""不限""]","[""5K-6K""]","""本科"""
"[""https://jobs.zhaopin.com/CC156976022J00483160305.htm""]","[""快递仓管员（荔湾茶叶城）""]","[""广州-荔湾区""]","[""德邦物流股份有限公司""]","[""民营""]","[""10000人以上""]","""http://special.zhaopin.com/2016/sh/dbwl031452/index.html""","[""不限""]","[""4K-6K""]","""大专"""
"[""https://jobs.zhaopin.com/CC136524368J00514067005.htm""]","[""企业文化专员""]","[""广州""]","[""广州市万科物业服务有限公司""]","[""上市公司""]","[""1000-9999人""]","""https://company.zhaopin.com/CZ136524360.htm""","[""1-3年""]","[""6K-8K""]","""本科"""
"[""https://jobs.zhaopin.com/CC156976022J00483159605.htm""]","[""物流专员（荔湾茶叶城）""]","[""广州-荔湾区""]","[""德邦物流股份有限公司""]","[""民营""]","[""10000人以上""]","""http://special.zhaopin.com/2016/sh/dbwl031452/index.html""","[""不限""]","[""4K-6K""]","""大专"""
"[""https://jobs.zhaopin.com/CC676308920J00521858205.htm""]","[""企业文化专员""]","[""广州-海珠区""]","[""广州市钱大妈农产品有限公司""]","[""民营""]","[""1000-9999人""]","""https://company.zhaopin.com/CZ676308920.htm""","[""1-3年""]","[""6K-10K""]","""大专"""
"[""https://jobs.zhaopin.com/CC136524368J00470855605.htm""]","[""人力实习生（企业文化方向）""]","[""广州-天河区""]","[""广州市万科物业服务有限公司""]","[""上市公司""]","[""1000-9999人""]","""https://company.zhaopin.com/CZ136524360.htm""","[""无经验""]","[""2K-2.5K""]","""本科"""
"[""https://jobs.zhaopin.com/CC646361580J00420535407.htm""]","[""幼儿园校园文化岗""]","[""广州""]","[""广州开发区人才工作集团有限公司""]","[""国企""]","[""20-99人""]","""https://company.zhaopin.com/CZ646361580.htm""","[""3-5年""]","[""5K-10K""]","""大专"""
"[""https://jobs.zhaopin.com/39340152190250187000.htm""]","[""创意总监""]","[""广州""]","[""广州大优广告有限公司""]","[""民营""]","[""20-99人""]","""https://company.zhaopin.com/CZ393401520.htm""","[""5-10年""]","[""20K-30K""]","""大专"""
"[""https://jobs.zhaopin.com/227562937250197.htm""]","[""导购（广州天汇广场店）""]","[""广州""]","[""福建一九八三文化创意有限公司""]","[""民营""]","[""100-499人""]","""https://company.zhaopin.com/CZ227562930.htm""","[""不限""]","[""4K-6K""]","""学历不限"""
"[""https://jobs.zhaopin.com/CC227562937J00069180406.htm""]","[""导购（广州新鸿基IGC天汇广场店）""]","[""广州""]","[""福建一九八三文化创意有限公司""]","[""民营""]","[""100-499人""]","""https://company.zhaopin.com/CZ227562930.htm""","[""不限""]","[""4K-6K""]","""学历不限"""
"[""https://jobs.zhaopin.com/CC152925110J00294130008.htm""]","[""行政前台""]","[""广州-天河区""]","[""深圳前海谨信云会计有限公司广州分公司""]","[""民营""]","[""20-99人""]","""https://company.zhaopin.com/CZ152925110.htm""","[""无经验""]","[""2.8K-4K""]","""大专"""
"[""https://jobs.zhaopin.com/CC531898523J00341916405.htm""]","[""创意策划师""]","[""广州-海珠区""]","[""广州力天展览设计工程有限公司""]","[""民营""]","[""100-499人""]","""https://company.zhaopin.com/CZ531898520.htm""","[""1-3年""]","[""8K-15K""]","""大专"""
"[""https://jobs.zhaopin.com/CC844943020J00313701407.htm""]","[""培训顾问""]","[""广州""]","[""广州快思慢讲文化创意有限公司""]","[""民营""]","[""20-99人""]","""https://company.zhaopin.com/CZ844943020.htm""","[""1-3年""]","[""8K-15K""]","""大专"""
"[""https://jobs.zhaopin.com/CC205722427J00398496803.htm""]","[""高级活动策划""]","[""广州""]","[""广州东方国际旅行社有限公司""]","[""国企""]","[""100-499人""]","""https://company.zhaopin.com/CZ205722420.htm""","[""1-3年""]","[""8K-16K""]","""学历不限"""
"[""https://jobs.zhaopin.com/CC370314332J00257169102.htm""]","[""创意策划师""]","[""广州-海珠区""]","[""广州智在云天文化科技有限公司""]","[""民营""]","[""100-499人""]","""https://company.zhaopin.com/CZ370314330.htm""","[""1-3年""]","[""8K-15K""]","""大专"""
"[""https://jobs.zhaopin.com/CC320940883J00472427101.htm""]","[""消控员""]","[""广州-白云区""]","[""温州市梦多多文化创意投资有限公司""]","[""民营""]","[""100-499人""]","""https://company.zhaopin.com/CZ320940880.htm""","[""1-3年""]","[""4.5K-6K""]","""中专"""
"[""https://jobs.zhaopin.com/CC314062020J00154508811.htm""]","[""广州天环高薪导购 (MJ000421)""]","[""广州-天河区""]","[""北京泡泡玛特文化创意股份有限公司""]","[""上市公司""]","[""1000-9999人""]","""https://company.zhaopin.com/CZ314062020.htm""","[""不限""]","[""4K-8K""]","""学历不限"""
"[""https://jobs.zhaopin.com/CCL1220055330J00377571006.htm""]","[""销售代表/销售员/销售专员""]","[""广州""]","[""上海数展文化创意有限公司""]","[""民营""]","[""100-499人""]","""https://company.zhaopin.com/CZL1220055330.htm""","[""不限""]","[""5K-8K""]","""学历不限"""
"[""https://jobs.zhaopin.com/CC227562937J00357855206.htm""]","[""3D建模师""]","[""广州-海珠区""]","[""福建一九八三文化创意有限公司""]","[""民营""]","[""100-499人""]","""https://company.zhaopin.com/CZ227562930.htm""","[""不限""]","[""4K-6K""]","""大专"""
"[""https://jobs.zhaopin.com/CC227562937J00357865106.htm""]","[""IP规划主管/经理""]","[""广州-海珠区""]","[""福建一九八三文化创意有限公司""]","[""民营""]","[""100-499人""]","""https://company.zhaopin.com/CZ227562930.htm""","[""3-5年""]","[""8K-10K""]","""大专"""
"[""https://jobs.zhaopin.com/CC227562937J00357879406.htm""]","[""插画师/原画师（潮玩IP人格化）""]","[""广州-海珠区""]","[""福建一九八三文化创意有限公司""]","[""民营""]","[""100-499人""]","""https://company.zhaopin.com/CZ227562930.htm""","[""1-3年""]","[""5K-8K""]","""大专"""
"[""https://jobs.zhaopin.com/CC227562937J00360358206.htm""]","[""IP规划专员""]","[""广州-海珠区""]","[""福建一九八三文化创意有限公司""]","[""民营""]","[""100-499人""]","""https://company.zhaopin.com/CZ227562930.htm""","[""不限""]","[""5K-8K""]","""大专"""
"[""https://jobs.zhaopin.com/CC227562937J00370136006.htm""]","[""外贸主管/经理""]","[""广州-海珠区""]","[""福建一九八三文化创意有限公司""]","[""民营""]","[""100-499人""]","""https://company.zhaopin.com/CZ227562930.htm""","[""3-5年""]","[""6K-10K""]","""大专"""
"[""https://jobs.zhaopin.com/CC227562937J00357868406.htm""]","[""IP开发专员（英语）""]","[""广州-海珠区""]","[""福建一九八三文化创意有限公司""]","[""民营""]","[""100-499人""]","""https://company.zhaopin.com/CZ227562930.htm""","[""不限""]","[""4K-6K""]","""大专"""
"[""https://jobs.zhaopin.com/CC227562937J00386198406.htm""]","[""包装设计师""]","[""广州-海珠区""]","[""福建一九八三文化创意有限公司""]","[""民营""]","[""100-499人""]","""https://company.zhaopin.com/CZ227562930.htm""","[""1-3年""]","[""5K-8K""]","""大专"""
"[""https://jobs.zhaopin.com/CC462226030J00367280104.htm""]","[""高薪急聘销售顾问（高底薪+包吃住）""]","[""广州-白云区""]","[""广东千喜企业管理有限公司""]","[""民营""]","[""20-99人""]","""https://company.zhaopin.com/CZ462226030.htm""","[""不限""]","[""8K-12K""]","""学历不限"""
"[""https://jobs.zhaopin.com/CC462226030J00367279804.htm""]","[""急聘销售代表（高底薪+高提成+包吃住）""]","[""广州-白云区""]","[""广东千喜企业管理有限公司""]","[""民营""]","[""20-99人""]","""https://company.zhaopin.com/CZ462226030.htm""","[""不限""]","[""8K-12K""]","""学历不限"""
"[""https://jobs.zhaopin.com/CC462226030J00367283404.htm""]","[""电话销售（高底薪+高提成+包吃包住）""]","[""广州-白云区""]","[""广东千喜企业管理有限公司""]","[""民营""]","[""20-99人""]","""https://company.zhaopin.com/CZ462226030.htm""","[""不限""]","[""8K-12K""]","""学历不限"""
"[""https://jobs.zhaopin.com/CC482989384J00375437203.htm""]","[""店员 （天河区笙活里）""]","[""广州-天河区""]","[""广州市巧手丫文化创意有限公司""]","[""合资""]","[""100-499人""]","""https://company.zhaopin.com/CZ482989380.htm""","[""1年以下""]","[""3.5K-5K""]","""中专"""
"[""https://jobs.zhaopin.com/CC638693320J00509521605.htm""]","[""文案策划""]","[""广州""]","[""广州达领教育咨询有限公司""]","[""民营""]","[""不限""]","""https://company.zhaopin.com/CZ638693320.htm""","[""3-5年""]","[""7K-10K""]","""本科"""
"[""https://jobs.zhaopin.com/CC465746630J00355862508.htm""]","[""平面设计师""]","[""广州-海珠区""]","[""广州家和家居文化创意有限公司""]","[""民营""]","[""100-499人""]","""https://company.zhaopin.com/CZ465746630.htm""","[""1-3年""]","[""4K-6K""]","""大专"""
"[""https://jobs.zhaopin.com/CC831104610J00330378706.htm""]","[""3D动画师助理（三维动画演绎类）""]","[""广州""]","[""广州市鲸喜创意文化有限公司""]","[""民营""]","[""20-99人""]","""https://company.zhaopin.com/CZ831104610.htm""","[""不限""]","[""4K-6K""]","""学历不限"""
"[""https://jobs.zhaopin.com/CC444474188J00472632403.htm""]","[""传感器销售经理""]","[""广州""]","[""珠海博明视觉科技有限公司""]","[""民营""]","[""100-499人""]","""https://company.zhaopin.com/CZ444474180.htm""","[""5-10年""]","[""6K-10K""]","""大专"""
"[""https://jobs.zhaopin.com/CC444474188J00472606003.htm""]","[""销售总监""]","[""广州""]","[""珠海博明视觉科技有限公司""]","[""民营""]","[""100-499人""]","""https://company.zhaopin.com/CZ444474180.htm""","[""5-10年""]","[""25K-40K""]","""本科"""
"[""https://jobs.zhaopin.com/CZ697022330J00195560502.htm""]","[""软装设计师""]","[""广州""]","[""广州乐享文化创意有限公司""]","[""民营""]","[""20人以下""]","""https://company.zhaopin.com/CZ697022330.htm""","[""1-3年""]","[""4K-6K""]","""大专"""
"[""https://jobs.zhaopin.com/332930130250025.htm""]","[""平面设计师（861074079@qq.com）""]","[""广州""]","[""广州本宫餐饮服务有限公司""]","[""民营""]","[""20-99人""]","""https://company.zhaopin.com/CZ332930130.htm""","[""1-3年""]","[""5K-8K""]","""大专"""
"[""https://jobs.zhaopin.com/CC262470080J00503916301.htm""]","[""企业文化专员""]","[""广州-天河区""]","[""三七互娱""]","[""上市公司""]","[""1000-9999人""]","""https://company.zhaopin.com/CZ262470080.htm""","[""1-3年""]","[""8K-10K""]","""本科"""
"[""https://jobs.zhaopin.com/CC831104610J00330382606.htm""]","[""分镜师""]","[""广州""]","[""广州市鲸喜创意文化有限公司""]","[""民营""]","[""20-99人""]","""https://company.zhaopin.com/CZ831104610.htm""","[""不限""]","[""6K-8K""]","""学历不限"""
"[""https://jobs.zhaopin.com/CC465746630J00308457808.htm""]","[""产品设计师""]","[""广州-海珠区""]","[""广州家和家居文化创意有限公司""]","[""民营""]","[""100-499人""]","""https://company.zhaopin.com/CZ465746630.htm""","[""3-5年""]","[""6K-10K""]","""大专"""
"[""https://jobs.zhaopin.com/CC831104610J00330382206.htm""]","[""3D动画师""]","[""广州""]","[""广州市鲸喜创意文化有限公司""]","[""民营""]","[""20-99人""]","""https://company.zhaopin.com/CZ831104610.htm""","[""不限""]","[""6K-8K""]","""学历不限"""
"[""https://jobs.zhaopin.com/CC831104610J00330381406.htm""]","[""建模、烘焙""]","[""广州""]","[""广州市鲸喜创意文化有限公司""]","[""民营""]","[""20-99人""]","""https://company.zhaopin.com/CZ831104610.htm""","[""不限""]","[""6K-8K""]","""学历不限"""
"[""https://jobs.zhaopin.com/CZ697022330J00214102802.htm""]","[""饰品软装采购""]","[""广州""]","[""广州乐享文化创意有限公司""]","[""民营""]","[""20人以下""]","""https://company.zhaopin.com/CZ697022330.htm""","[""1-3年""]","[""4K-6K""]","""大专"""
"[""https://jobs.zhaopin.com/CC831104610J00330380406.htm""]","[""虚幻引擎（Engine4）技术美术""]","[""广州""]","[""广州市鲸喜创意文化有限公司""]","[""民营""]","[""20-99人""]","""https://company.zhaopin.com/CZ831104610.htm""","[""不限""]","[""8K-10K""]","""学历不限"""
"[""https://jobs.zhaopin.com/CC320940883J00352451201.htm""]","[""招商经理""]","[""广州-白云区""]","[""温州市梦多多文化创意投资有限公司""]","[""民营""]","[""100-499人""]","""https://company.zhaopin.com/CZ320940880.htm""","[""3-5年""]","[""10K-20K""]","""大专"""
"[""https://jobs.zhaopin.com/CC320940883J00472422501.htm""]","[""客服专员""]","[""广州-白云区""]","[""温州市梦多多文化创意投资有限公司""]","[""民营""]","[""100-499人""]","""https://company.zhaopin.com/CZ320940880.htm""","[""1-3年""]","[""5K-6K""]","""大专"""
"[""https://jobs.zhaopin.com/CZ697022330J00198677902.htm""]","[""资深软装设计师""]","[""广州""]","[""广州乐享文化创意有限公司""]","[""民营""]","[""20人以下""]","""https://company.zhaopin.com/CZ697022330.htm""","[""1-3年""]","[""6K-8K""]","""大专"""
"[""https://jobs.zhaopin.com/218052128250035.htm""]","[""玩具设计师""]","[""广州-荔湾区""]","[""广州凯佩珑文化创意有限公司""]","[""民营""]","[""20人以下""]","""https://company.zhaopin.com/CZ218052120.htm""","[""不限""]","[""6K-8K""]","""学历不限"""
"[""https://jobs.zhaopin.com/CC871553570J00379180506.htm""]","[""主播""]","[""广州""]","[""东云创意(广州)文化传播有限公司""]","[""民营""]","[""1000-9999人""]","""https://company.zhaopin.com/CZ871553570.htm""","[""不限""]","[""10K-15K""]","""学历不限"""
"[""https://jobs.zhaopin.com/CC295761619J00395849802.htm""]","[""人事行政助理""]","[""广州""]","[""广州源尚文化创意有限公司""]","[""民营""]","[""20-99人""]","""https://company.zhaopin.com/CZ295761610.htm""","[""不限""]","[""4K-5K""]","""大专"""
"[""https://jobs.zhaopin.com/CC697022330J00369034302.htm""]","[""软装饰品采购""]","[""广州""]","[""广州乐享文化创意有限公司""]","[""民营""]","[""20人以下""]","""https://company.zhaopin.com/CZ697022330.htm""","[""不限""]","[""4K-6K""]","""学历不限"""
"[""https://jobs.zhaopin.com/CC697022330J00369037502.htm""]","[""下单员""]","[""广州""]","[""广州乐享文化创意有限公司""]","[""民营""]","[""20人以下""]","""https://company.zhaopin.com/CZ697022330.htm""","[""不限""]","[""4K-6K""]","""学历不限"""
"[""https://jobs.zhaopin.com/CC295761619J00395872102.htm""]","[""财务出纳""]","[""广州""]","[""广州源尚文化创意有限公司""]","[""民营""]","[""20-99人""]","""https://company.zhaopin.com/CZ295761610.htm""","[""不限""]","[""4K-4.5K""]","""大专"""
"[""https://jobs.zhaopin.com/CC233309630J00355929004.htm""]","[""产品经理（人力资源方向）""]","[""广州-海珠区""]","[""福州凯勒文化创意有限公司""]","[""民营""]","[""20人以下""]","""https://company.zhaopin.com/CZ233309630.htm""","[""3-5年""]","[""40K-70K""]","""本科"""
"[""https://jobs.zhaopin.com/CC295761619J00395863802.htm""]","[""招聘助理""]","[""广州""]","[""广州源尚文化创意有限公司""]","[""民营""]","[""20-99人""]","""https://company.zhaopin.com/CZ295761610.htm""","[""不限""]","[""4.2K-6K""]","""大专"""
"[""https://jobs.zhaopin.com/CC295761619J00395876002.htm""]","[""管培生（人事/采购/仓储物流/运营）""]","[""广州""]","[""广州源尚文化创意有限公司""]","[""民营""]","[""20-99人""]","""https://company.zhaopin.com/CZ295761610.htm""","[""不限""]","[""5K-8K""]","""大专"""
"[""https://jobs.zhaopin.com/CC320940883J00536680501.htm""]","[""区域招商经理""]","[""广州-白云区""]","[""温州市梦多多文化创意投资有限公司""]","[""民营""]","[""100-499人""]","""https://company.zhaopin.com/CZ320940880.htm""","[""3-5年""]","[""10K-15K""]","""大专"""
"[""https://jobs.zhaopin.com/CC871553570J00379055606.htm""]","[""主播""]","[""广州""]","[""东云创意(广州)文化传播有限公司""]","[""民营""]","[""1000-9999人""]","""https://company.zhaopin.com/CZ871553570.htm""","[""不限""]","[""10K-15K""]","""学历不限"""
"[""https://jobs.zhaopin.com/CC320940883J00455959801.htm""]","[""收银员""]","[""广州-白云区""]","[""温州市梦多多文化创意投资有限公司""]","[""民营""]","[""100-499人""]","""https://company.zhaopin.com/CZ320940880.htm""","[""不限""]","[""3.5K-5.5K""]","""中专"""
"[""https://jobs.zhaopin.com/218052128250032.htm""]","[""平面设计师""]","[""广州-荔湾区""]","[""广州凯佩珑文化创意有限公司""]","[""民营""]","[""20人以下""]","""https://company.zhaopin.com/CZ218052120.htm""","[""不限""]","[""4K-6K""]","""学历不限"""
"[""https://jobs.zhaopin.com/CC411173230J00337341804.htm""]","[""淘宝大码播主""]","[""广州-天河区""]","[""杭州象创文化创意有限公司""]","[""民营""]","[""20-99人""]","""https://company.zhaopin.com/CZ411173230.htm""","[""不限""]","[""6K-8K""]","""学历不限"""
"[""https://jobs.zhaopin.com/CC320940883J00455957201.htm""]","[""店员/营业员""]","[""广州-白云区""]","[""温州市梦多多文化创意投资有限公司""]","[""民营""]","[""100-499人""]","""https://company.zhaopin.com/CZ320940880.htm""","[""不限""]","[""3K-4K""]","""中专"""
"[""https://jobs.zhaopin.com/CC120002369J00177973914.htm""]","[""前台客服""]","[""广州""]","[""北京新东方前途出国咨询有限公司广州分公司""]","[""上市公司""]",[null],"""https://company.zhaopin.com/CZ120002360D00101251093.htm""","[""1年以下""]","[""4K-6K""]","""本科"""
"[""https://jobs.zhaopin.com/CC120002369J00177974014.htm""]","[""前台客服""]","[""广州""]","[""北京新东方前途出国咨询有限公司广州分公司""]","[""上市公司""]",[null],"""https://company.zhaopin.com/CZ120002360D00101251093.htm""","[""1年以下""]","[""4K-6K""]","""本科"""
"[""https://jobs.zhaopin.com/CC294466581J00319673403.htm""]","[""乐园总监""]","[""广州-天河区""]","[""恒大旅游集团有限公司""]","[""民营""]","[""1000-9999人""]","""http://special.zhaopin.com/2018/gz/hdly030230""","[""5-10年""]","[""20K-40K""]","""本科"""
"[""https://jobs.zhaopin.com/CC482989384J00255189203.htm""]","[""招商""]","[""广州-海珠区""]","[""广州市巧手丫文化创意有限公司""]","[""合资""]","[""100-499人""]","""https://company.zhaopin.com/CZ482989380.htm""","[""1-3年""]","[""6K-12K""]","""大专"""
"[""https://jobs.zhaopin.com/CC120002369J00208864014.htm""]","[""客服专员""]","[""广州""]","[""新东方教育科技集团有限公司""]","[""上市公司""]","[""10000人以上""]","""https://company.zhaopin.com/CZ120002360D00305676562.htm""","[""不限""]","[""4K-6K""]","""大专"""
"[""https://jobs.zhaopin.com/CC120002369J00212074814.htm""]","[""客户外呼专员""]","[""广州""]","[""新东方教育科技集团有限公司""]","[""上市公司""]","[""10000人以上""]","""https://company.zhaopin.com/CZ120002360D00305676562.htm""","[""1-3年""]","[""5K-8K""]","""大专"""
"[""https://jobs.zhaopin.com/CC120002369J00169670014.htm""]","[""高级市场活动专员""]","[""广州""]","[""北京新东方前途出国咨询有限公司广州分公司""]","[""上市公司""]",[null],"""https://company.zhaopin.com/CZ120002360D00101251093.htm""","[""1-3年""]","[""4K-7K""]","""大专"""
"[""https://jobs.zhaopin.com/CC120002369J00210988214.htm""]","[""客服专员（五险一金+双休）""]","[""广州""]","[""新东方教育科技集团有限公司""]","[""上市公司""]","[""10000人以上""]","""https://company.zhaopin.com/CZ120002360D00305676562.htm""","[""1年以下""]","[""4K-6K""]","""大专"""
"[""https://jobs.zhaopin.com/482989384250068.htm""]","[""业务专员/主管（番禺）""]","[""广州-番禺区""]","[""广州市巧手丫文化创意有限公司""]","[""合资""]","[""100-499人""]","""https://company.zhaopin.com/CZ482989380.htm""","[""1-3年""]","[""5K-10K""]","""大专"""
"[""https://jobs.zhaopin.com/CC462226030J00052356104.htm""]","[""网络客服专员（急招......）""]","[""广州""]","[""广东千喜企业管理有限公司""]","[""民营""]","[""20-99人""]","""https://company.zhaopin.com/CZ462226030.htm""","[""1年以下""]","[""5K-7K""]","""中专"""
"[""https://jobs.zhaopin.com/CC482989384J00257187803.htm""]","[""招商经理""]","[""广州-海珠区""]","[""广州市巧手丫文化创意有限公司""]","[""合资""]","[""100-499人""]","""https://company.zhaopin.com/CZ482989380.htm""","[""1-3年""]","[""10K-20K""]","""中专"""
"[""https://jobs.zhaopin.com/CC120917163J00434821005.htm""]","[""销售员""]","[""广州""]","[""锦创科技股份有限公司""]","[""股份制企业""]","[""1000-9999人""]","""https://company.zhaopin.com/CZ120917160.htm""","[""不限""]","[""4K-6K""]","""大专"""
"[""https://jobs.zhaopin.com/CC883903300J00382100003.htm""]","[""招商顾问（周末双休）""]","[""广州""]","[""京元素(广州)影视文化有限公司""]","[""民营""]","[""20-99人""]","""https://company.zhaopin.com/CZ883903300.htm""","[""1-3年""]","[""6K-8K""]","""中专"""
"[""https://jobs.zhaopin.com/CCL1221306950J00374242008.htm""]","[""新媒体编辑实习生""]","[""广州""]","[""乘果创意策划(广州)有限公司""]","[""民营""]","[""20-99人""]","""https://company.zhaopin.com/CZL1221306950.htm""","[""无经验""]","[""1K-2K""]","""大专"""
"[""https://jobs.zhaopin.com/CC120917163J00435145805.htm""]","[""5K客户服务+五险+晋升""]","[""广州""]","[""锦创科技股份有限公司""]","[""股份制企业""]","[""1000-9999人""]","""https://company.zhaopin.com/CZ120917160.htm""","[""不限""]","[""4K-6K""]","""大专"""
"[""https://jobs.zhaopin.com/CZ152049010J00269898104.htm""]","[""3D设计师""]","[""广州""]","[""广州图创计算机软件开发有限公司""]","[""其它""]","[""100-499人""]","""https://company.zhaopin.com/CZ152049010.htm""","[""3-5年""]","[""6K-12K""]","""大专"""
"[""https://jobs.zhaopin.com/CZ645874530J00199660306.htm""]","[""品牌策划""]","[""广州""]","[""美尚(广州)化妆品股份有限公司""]","[""股份制企业""]","[""100-499人""]","""https://company.zhaopin.com/CZ645874530.htm""","[""3-5年""]","[""6K-10K""]","""本科"""
"[""https://jobs.zhaopin.com/136388318250873.htm""]","[""销售经理/大客户经理""]","[""广州-萝岗区""]","[""广州励丰文化科技股份有限公司""]","[""上市公司""]","[""100-499人""]","""https://company.zhaopin.com/CZ136388310.htm""","[""不限""]","[""10K-15K""]","""本科"""
"[""https://jobs.zhaopin.com/CC573397488J00291154403.htm""]","[""会销讲师 (职位编号：018)""]","[""广州-白云区""]","[""广州季泉化妆品有限公司""]","[""民营""]","[""500-999人""]","""https://company.zhaopin.com/CZ573397480.htm""","[""1-3年""]","[""15K-20K""]","""大专"""
"[""https://jobs.zhaopin.com/CC573397488J00291154703.htm""]","[""销售代表（无责任底薪4000+提成+五险一金） (职位编号：012)""]","[""广州-白云区""]","[""广州季泉化妆品有限公司""]","[""民营""]","[""500-999人""]","""https://company.zhaopin.com/CZ573397480.htm""","[""1-3年""]","[""8K-12K""]","""大专"""
"[""https://jobs.zhaopin.com/CC883903300J00354251203.htm""]","[""影视业务员（周末双休）""]","[""广州""]","[""京元素(广州)影视文化有限公司""]","[""民营""]","[""20-99人""]","""https://company.zhaopin.com/CZ883903300.htm""","[""1-3年""]","[""6K-8K""]","""学历不限"""
"[""https://jobs.zhaopin.com/CC573397488J00291155403.htm""]","[""销售代表无责任底薪4K+高薪提成""]","[""广州-白云区""]","[""广州季泉化妆品有限公司""]","[""民营""]","[""500-999人""]","""https://company.zhaopin.com/CZ573397480.htm""","[""1-3年""]","[""8K-12K""]","""大专"""
"[""https://jobs.zhaopin.com/CC120917163J00219051405.htm""]","[""风控专员""]","[""广州""]","[""锦创科技股份有限公司""]","[""股份制企业""]","[""1000-9999人""]","""https://company.zhaopin.com/CZ120917160.htm""","[""不限""]","[""4K-6K""]","""大专"""
"[""https://jobs.zhaopin.com/CC533464827J00423293603.htm""]","[""品牌策划""]","[""广州-白云区""]","[""广东华建电气消防安全检测有限公司""]","[""股份制企业""]","[""100-499人""]","""https://company.zhaopin.com/CZ533464820.htm""","[""1-3年""]","[""6K-7K""]","""本科"""
"[""https://jobs.zhaopin.com/CC573397488J00291155603.htm""]","[""SQE/供应商质量工程师""]","[""广州-白云区""]","[""广州季泉化妆品有限公司""]","[""民营""]","[""500-999人""]","""https://company.zhaopin.com/CZ573397480.htm""","[""不限""]","[""10K-15K""]","""学历不限"""
"[""https://jobs.zhaopin.com/CC883903300J00362342203.htm""]","[""业务员(周末双休）""]","[""广州""]","[""京元素(广州)影视文化有限公司""]","[""民营""]","[""20-99人""]","""https://company.zhaopin.com/CZ883903300.htm""","[""1年以下""]","[""6K-8K""]","""大专"""
"[""https://jobs.zhaopin.com/CC465746630J00212514008.htm""]","[""店面空间设计师""]","[""广州-海珠区""]","[""广州家和家居文化创意有限公司""]","[""民营""]","[""100-499人""]","""https://company.zhaopin.com/CZ465746630.htm""","[""1-3年""]","[""4K-6K""]","""大专"""
"[""https://jobs.zhaopin.com/CC465746630J00212535008.htm""]","[""定制家具工艺设计师""]","[""广州-海珠区""]","[""广州家和家居文化创意有限公司""]","[""民营""]","[""100-499人""]","""https://company.zhaopin.com/CZ465746630.htm""","[""1-3年""]","[""4K-6K""]","""大专"""
"[""https://jobs.zhaopin.com/CC120917163J00111870805.htm""]","[""客服专员""]","[""广州""]","[""锦创科技股份有限公司""]","[""股份制企业""]","[""1000-9999人""]","""https://company.zhaopin.com/CZ120917160.htm""","[""不限""]","[""3K-5K""]","""大专"""
"[""https://jobs.zhaopin.com/CC442521333J00350346606.htm""]","[""资深文案主管""]","[""广州""]","[""广东世纪晓教育科技有限公司""]","[""民营""]","[""10000人以上""]","""https://company.zhaopin.com/CZ442521330.htm""","[""不限""]","[""8K-10K""]","""本科"""
"[""https://jobs.zhaopin.com/CC465746630J00216875708.htm""]","[""软装设计师""]","[""广州-海珠区""]","[""广州家和家居文化创意有限公司""]","[""民营""]","[""100-499人""]","""https://company.zhaopin.com/CZ465746630.htm""","[""1-3年""]","[""4K-8K""]","""大专"""
"[""https://jobs.zhaopin.com/CC120917163J00212229705.htm""]","[""高薪信用卡售后""]","[""广州""]","[""锦创科技股份有限公司""]","[""股份制企业""]","[""1000-9999人""]","""https://company.zhaopin.com/CZ120917160.htm""","[""不限""]","[""4K-6K""]","""大专"""
"[""https://jobs.zhaopin.com/CC120917163J00160864705.htm""]","[""呼叫中心客服""]","[""广州""]","[""锦创科技股份有限公司""]","[""股份制企业""]","[""1000-9999人""]","""https://company.zhaopin.com/CZ120917160.htm""","[""不限""]","[""4K-6K""]","""大专"""
"[""https://jobs.zhaopin.com/CC573397488J00291155703.htm""]","[""销售辅导老师（五险一金+提成+季度奖金） (职位编号：015)""]","[""广州-白云区""]","[""广州季泉化妆品有限公司""]","[""民营""]","[""500-999人""]","""https://company.zhaopin.com/CZ573397480.htm""","[""1-3年""]","[""8K-12K""]","""大专"""
"[""https://jobs.zhaopin.com/434862916250698.htm""]","[""课程咨询顾问（广州/济南）""]","[""广州-越秀区""]","[""江苏艺之行文化投资发展有限公司""]","[""民营""]","[""100-499人""]","""http://special.zhaopin.com/2015/nj/11008/yzx120706""","[""不限""]","[""5K-10K""]","""学历不限"""
"[""https://jobs.zhaopin.com/CC573397488J00291153603.htm""]","[""产品经理（化妆品）""]","[""广州-白云区""]","[""广州季泉化妆品有限公司""]","[""民营""]","[""500-999人""]","""https://company.zhaopin.com/CZ573397480.htm""","[""不限""]","[""15K-20K""]","""学历不限"""
"[""https://jobs.zhaopin.com/CC120917163J00434209605.htm""]","[""5K金融销售+五险""]","[""广州""]","[""锦创科技股份有限公司""]","[""股份制企业""]","[""1000-9999人""]","""https://company.zhaopin.com/CZ120917160.htm""","[""不限""]","[""4K-6K""]","""大专"""
"[""https://jobs.zhaopin.com/CC465746630J00252084808.htm""]","[""礼品采购""]","[""广州-海珠区""]","[""广州家和家居文化创意有限公司""]","[""民营""]","[""100-499人""]","""https://company.zhaopin.com/CZ465746630.htm""","[""3-5年""]","[""4K-8K""]","""中专"""
"[""https://jobs.zhaopin.com/CC120917163J00111872305.htm""]","[""风险控制专员""]","[""广州""]","[""锦创科技股份有限公司""]","[""股份制企业""]","[""1000-9999人""]","""https://company.zhaopin.com/CZ120917160.htm""","[""不限""]","[""4K-5K""]","""大专"""
"[""https://jobs.zhaopin.com/462226030250104.htm""]","[""急招招商经理（月入15000-20000）""]","[""广州""]","[""广东千喜企业管理有限公司""]","[""民营""]","[""20-99人""]","""https://company.zhaopin.com/CZ462226030.htm""","[""1-3年""]","[""8K-15K""]","""中专"""
"[""https://jobs.zhaopin.com/CC533464827J00423293503.htm""]","[""品牌策划""]","[""广州-白云区""]","[""广东华建电气消防安全检测有限公司""]","[""股份制企业""]","[""100-499人""]","""https://company.zhaopin.com/CZ533464820.htm""","[""1-3年""]","[""6K-7K""]","""本科"""
"[""https://jobs.zhaopin.com/CC120917163J00433622305.htm""]","[""诚聘银行五险客服专员""]","[""广州""]","[""锦创科技股份有限公司""]","[""股份制企业""]","[""1000-9999人""]","""https://company.zhaopin.com/CZ120917160.htm""","[""不限""]","[""4K-6K""]","""大专"""
"[""https://jobs.zhaopin.com/CC251139524J00471839601.htm""]","[""直播运营""]","[""广州""]","[""绿瘦健康产业集团有限公司""]","[""民营""]","[""1000-9999人""]","""http://special.zhaopin.com/pagepublish/25113952/index.html""","[""不限""]","[""4K-8K""]","""大专"""
"[""https://jobs.zhaopin.com/CC844943020J00382579607.htm""]","[""培训销售经理""]","[""广州""]","[""广州快思慢讲文化创意有限公司""]","[""民营""]","[""20-99人""]","""https://company.zhaopin.com/CZ844943020.htm""","[""3-5年""]","[""15K-30K""]","""大专"""
"[""https://jobs.zhaopin.com/CC573397488J00291153503.htm""]","[""配方工程师""]","[""广州-白云区""]","[""广州季泉化妆品有限公司""]","[""民营""]","[""500-999人""]","""https://company.zhaopin.com/CZ573397480.htm""","[""不限""]","[""10K-15K""]","""学历不限"""
"[""https://jobs.zhaopin.com/CC465746630J00252082908.htm""]","[""家具采购""]","[""广州-海珠区""]","[""广州家和家居文化创意有限公司""]","[""民营""]","[""100-499人""]","""https://company.zhaopin.com/CZ465746630.htm""","[""3-5年""]","[""6K-12K""]","""中专"""
"[""https://jobs.zhaopin.com/CC000595672J00210221813.htm""]","[""文案策划/客户主任（广州）""]","[""广州""]","[""北京际恒锐智企业管理顾问有限公司""]","[""民营""]","[""500-999人""]","""https://company.zhaopin.com/CZ000595670.htm""","[""1-3年""]","[""8.3K-15.8K""]","""本科"""
"[""https://jobs.zhaopin.com/CC318920230J00346517308.htm""]","[""实习英语教师""]","[""广州""]","[""广州乐贝文化发展有限公司""]","[""民营""]","[""20-99人""]","""https://company.zhaopin.com/CZ318920230.htm""","[""无经验""]","[""4K-8K""]","""大专"""
"[""https://jobs.zhaopin.com/CC318920230J00286791108.htm""]","[""销售主管/高级课程顾问""]","[""广州-天河区""]","[""广州乐贝文化发展有限公司""]","[""民营""]","[""20-99人""]","""https://company.zhaopin.com/CZ318920230.htm""","[""1-3年""]","[""7K-10K""]","""中专"""
"[""https://jobs.zhaopin.com/CC318920230J00286774108.htm""]","[""高级英语教师""]","[""广州-越秀区""]","[""广州乐贝文化发展有限公司""]","[""民营""]","[""20-99人""]","""https://company.zhaopin.com/CZ318920230.htm""","[""3-5年""]","[""8K-10K""]","""大专"""
"[""https://jobs.zhaopin.com/CC144491957J00090168404.htm""]","[""文案策划（周末双休  五险一金）""]","[""广州-海珠区""]","[""广东新励成教育科技股份有限公司""]","[""民营""]","[""100-499人""]","""https://company.zhaopin.com/CZ144491950.htm""","[""1-3年""]","[""6K-10K""]","""大专"""
"[""https://jobs.zhaopin.com/CC318920230J00286774208.htm""]","[""高级英语教师""]","[""广州-天河区""]","[""广州乐贝文化发展有限公司""]","[""民营""]","[""20-99人""]","""https://company.zhaopin.com/CZ318920230.htm""","[""3-5年""]","[""8K-10K""]","""大专"""
"[""https://jobs.zhaopin.com/CC889714050J00330807106.htm""]","[""网络运营（阿里巴巴国际）""]","[""广州""]","[""阿普罗(广州)实业控股有限公司""]","[""民营""]","[""20-99人""]","""https://company.zhaopin.com/CZ889714050.htm""","[""1-3年""]","[""8K-10K""]","""大专"""
"[""https://jobs.zhaopin.com/CC318920230J00341444308.htm""]","[""初级英语教师""]","[""广州""]","[""广州乐贝文化发展有限公司""]","[""民营""]","[""20-99人""]","""https://company.zhaopin.com/CZ318920230.htm""","[""不限""]","[""6K-12K""]","""大专"""
"[""https://jobs.zhaopin.com/CCL1210916660J00447735603.htm""]","[""化妆造型师""]","[""广州""]","[""广州为道文化创意有限公司""]","[""合资""]","[""20-99人""]","""https://company.zhaopin.com/CZL1210916660.htm""","[""1-3年""]","[""5K-8K""]","""大专"""
"[""https://jobs.zhaopin.com/CC318920230J00286769908.htm""]","[""中级英语教师""]","[""广州-越秀区""]","[""广州乐贝文化发展有限公司""]","[""民营""]","[""20-99人""]","""https://company.zhaopin.com/CZ318920230.htm""","[""不限""]","[""6K-8K""]","""大专"""
"[""https://jobs.zhaopin.com/CC465746630J00230713408.htm""]","[""采购员""]","[""广州-海珠区""]","[""广州家和家居文化创意有限公司""]","[""民营""]","[""100-499人""]","""https://company.zhaopin.com/CZ465746630.htm""","[""1-3年""]","[""4.5K-6K""]","""中专"""
"[""https://jobs.zhaopin.com/CC477907788J00372421503.htm""]","[""亚马逊站外推广 ""]","[""广州-白云区""]","[""广州知迅行一信息技术有限公司""]","[""民营""]","[""20-99人""]","""https://company.zhaopin.com/CZ477907780.htm""","[""1-3年""]","[""5K-10K""]","""本科"""
"[""https://jobs.zhaopin.com/CC318920230J00278173208.htm""]","[""中级英语教师""]","[""广州""]","[""广州乐贝文化发展有限公司""]","[""民营""]","[""20-99人""]","""https://company.zhaopin.com/CZ318920230.htm""","[""不限""]","[""6K-8K""]","""大专"""
"[""https://jobs.zhaopin.com/CCL1210916660J00441126103.htm""]","[""社群运营专员""]","[""广州""]","[""广州为道文化创意有限公司""]","[""合资""]","[""20-99人""]","""https://company.zhaopin.com/CZL1210916660.htm""","[""1-3年""]","[""5K-8K""]","""学历不限"""
"[""https://jobs.zhaopin.com/CC318920230J00286776208.htm""]","[""初级课程顾问""]","[""广州-越秀区""]","[""广州乐贝文化发展有限公司""]","[""民营""]","[""20-99人""]","""https://company.zhaopin.com/CZ318920230.htm""","[""无经验""]","[""5K-8K""]","""中专"""
"[""https://jobs.zhaopin.com/CC318920230J00278249108.htm""]","[""市场主管""]","[""广州""]","[""广州乐贝文化发展有限公司""]","[""民营""]","[""20-99人""]","""https://company.zhaopin.com/CZ318920230.htm""","[""1-3年""]","[""6K-8K""]","""大专"""
"[""https://jobs.zhaopin.com/CC318920230J00286776308.htm""]","[""初级课程顾问""]","[""广州-天河区""]","[""广州乐贝文化发展有限公司""]","[""民营""]","[""20-99人""]","""https://company.zhaopin.com/CZ318920230.htm""","[""无经验""]","[""5K-8K""]","""中专"""
"[""https://jobs.zhaopin.com/CC318920230J00286770008.htm""]","[""中级英语教师""]","[""广州-天河区""]","[""广州乐贝文化发展有限公司""]","[""民营""]","[""20-99人""]","""https://company.zhaopin.com/CZ318920230.htm""","[""不限""]","[""6K-8K""]","""大专"""
"[""https://jobs.zhaopin.com/CC287813584J00437298207.htm""]","[""管理培训生""]","[""广州-白云区""]","[""深圳市香蕉电子商务有限公司""]","[""民营""]","[""20-99人""]","""https://company.zhaopin.com/CZ287813580.htm""","[""无经验""]","[""6K-10K""]","""本科"""
"[""https://jobs.zhaopin.com/CC287813584J00430406307.htm""]","[""外贸采购/跟单/产品开发""]","[""广州""]","[""深圳市香蕉电子商务有限公司""]","[""民营""]","[""20-99人""]","""https://company.zhaopin.com/CZ287813580.htm""","[""1-3年""]","[""5K-10K""]","""大专"""
"[""https://jobs.zhaopin.com/CC318920230J00286791008.htm""]","[""销售主管/高级课程顾问""]","[""广州-越秀区""]","[""广州乐贝文化发展有限公司""]","[""民营""]","[""20-99人""]","""https://company.zhaopin.com/CZ318920230.htm""","[""1-3年""]","[""7K-10K""]","""中专"""
"[""https://jobs.zhaopin.com/CC460900422J00275980203.htm""]","[""GTD-WH-014：舞美设计师""]","[""广州-花都区""]","[""广州市明道文化科技集团股份有限公司""]","[""股份制企业""]","[""500-999人""]","""http://special.zhaopin.com/gz/2013/11034/gzsmd091266/""","[""1-3年""]","[""6K-12K""]","""大专"""
"[""https://jobs.zhaopin.com/CC853101300J00395178703.htm""]","[""销售专员""]","[""广州""]","[""广州市暨隆知识产权代理有限公司""]","[""民营""]","[""20-99人""]","""https://company.zhaopin.com/CZ853101300.htm""","[""1-3年""]","[""8K-10K""]","""大专"""
"[""https://jobs.zhaopin.com/CC318920230J00278341408.htm""]","[""行政前台文员""]","[""广州""]","[""广州乐贝文化发展有限公司""]","[""民营""]","[""20-99人""]","""https://company.zhaopin.com/CZ318920230.htm""","[""不限""]","[""3K-4.5K""]","""高中"""
"[""https://jobs.zhaopin.com/CC460900422J00284128803.htm""]","[""制作部经理""]","[""广州""]","[""广州市明道文化科技集团股份有限公司""]","[""股份制企业""]","[""500-999人""]","""http://special.zhaopin.com/gz/2013/11034/gzsmd091266/""","[""3-5年""]","[""15K-20K""]","""本科"""
"[""https://jobs.zhaopin.com/CC889714050J00317785906.htm""]","[""外贸主管/外贸经理+高薪+高提成""]","[""广州""]","[""阿普罗(广州)实业控股有限公司""]","[""民营""]","[""20-99人""]","""https://company.zhaopin.com/CZ889714050.htm""","[""1-3年""]","[""7K-13K""]","""大专"""
"[""https://jobs.zhaopin.com/CC287813584J00184060707.htm""]","[""亚马逊运营专员/主管""]","[""广州-白云区""]","[""深圳市香蕉电子商务有限公司""]","[""民营""]","[""20-99人""]","""https://company.zhaopin.com/CZ287813580.htm""","[""1-3年""]","[""6K-10K""]","""大专"""
"[""https://jobs.zhaopin.com/CC477907788J00157421203.htm""]","[""采购专员（五金类）[外贸]""]","[""广州-白云区""]","[""广州知迅行一信息技术有限公司""]","[""民营""]","[""20-99人""]","""https://company.zhaopin.com/CZ477907780.htm""","[""1-3年""]","[""4K-7K""]","""大专"""
"[""https://jobs.zhaopin.com/CC287813584J00224733707.htm""]","[""亚马逊运营主管/亚马逊销售主管""]","[""广州-白云区""]","[""深圳市香蕉电子商务有限公司""]","[""民营""]","[""20-99人""]","""https://company.zhaopin.com/CZ287813580.htm""","[""1-3年""]","[""10K-20K""]","""大专"""
"[""https://jobs.zhaopin.com/CC318920230J00286791908.htm""]","[""无责任电话邀约客服""]","[""广州-天河区""]","[""广州乐贝文化发展有限公司""]","[""民营""]","[""20-99人""]","""https://company.zhaopin.com/CZ318920230.htm""","[""不限""]","[""5K-8K""]","""中专"""
"[""https://jobs.zhaopin.com/CC460900422J00276010603.htm""]","[""GTD-WH-009：文案""]","[""广州-花都区""]","[""广州市明道文化科技集团股份有限公司""]","[""股份制企业""]","[""500-999人""]","""http://special.zhaopin.com/gz/2013/11034/gzsmd091266/""","[""1-3年""]","[""4K-8K""]","""大专"""
"[""https://jobs.zhaopin.com/CC287813584J00367833007.htm""]","[""外贸业务员/外贸销售/贸易跟单/外贸主管""]","[""广州-白云区""]","[""深圳市香蕉电子商务有限公司""]","[""民营""]","[""20-99人""]","""https://company.zhaopin.com/CZ287813580.htm""","[""1-3年""]","[""8K-12K""]","""大专"""
"[""https://jobs.zhaopin.com/CC889714050J00326010906.htm""]","[""阿里巴巴国际站运营（外贸）""]","[""广州""]","[""阿普罗(广州)实业控股有限公司""]","[""民营""]","[""20-99人""]","""https://company.zhaopin.com/CZ889714050.htm""","[""1-3年""]","[""6K-8K""]","""大专"""
"[""https://jobs.zhaopin.com/CC889714050J00308217006.htm""]","[""外贸业务员/外贸专员/外贸运营/外贸助理""]","[""广州""]","[""阿普罗(广州)实业控股有限公司""]","[""民营""]","[""20-99人""]","""https://company.zhaopin.com/CZ889714050.htm""","[""1-3年""]","[""6K-8K""]","""大专"""
"[""https://jobs.zhaopin.com/262470080251480.htm""]","[""员工关系专员""]","[""广州""]","[""三七互娱""]","[""上市公司""]","[""1000-9999人""]","""https://company.zhaopin.com/CZ262470080.htm""","[""1-3年""]","[""7K-10K""]","""本科"""
"[""https://jobs.zhaopin.com/CC502962531J00389791908.htm""]","[""销售专员/五险一金/高薪提成""]","[""广州-白云区""]","[""广州黑格力斯教育科技有限公司""]","[""股份制企业""]","[""100-499人""]","""https://company.zhaopin.com/CZ502962530.htm""","[""不限""]","[""10K-15K""]","""中专"""
"[""https://jobs.zhaopin.com/CC651134439J00101868812.htm""]","[""周末双休+六险一金+高提成资质服务顾问""]","[""广州""]","[""北京创仕界科技有限公司""]","[""民营""]","[""100-499人""]","""https://company.zhaopin.com/CZ651134430.htm""","[""不限""]","[""8K-10K""]","""大专"""
"[""https://jobs.zhaopin.com/CC136524368J00509028305.htm""]","[""活动策划执行""]","[""广州-天河区""]","[""广州市万科物业服务有限公司""]","[""上市公司""]","[""1000-9999人""]","""https://company.zhaopin.com/CZ136524360.htm""","[""不限""]","[""5K-7K""]","""本科"""
"[""https://jobs.zhaopin.com/CC502962531J00389804708.htm""]","[""销售总监/销售经理""]","[""广州-白云区""]","[""广州黑格力斯教育科技有限公司""]","[""股份制企业""]","[""100-499人""]","""https://company.zhaopin.com/CZ502962530.htm""","[""3-5年""]","[""15K-20K""]","""大专"""
"[""https://jobs.zhaopin.com/CC462226030J00363698104.htm""]","[""高薪聘请店面/空间设计师""]","[""广州-白云区""]","[""广东千喜企业管理有限公司""]","[""民营""]","[""20-99人""]","""https://company.zhaopin.com/CZ462226030.htm""","[""不限""]","[""7K-10K""]","""学历不限"""
"[""https://jobs.zhaopin.com/CC460900422J00284126003.htm""]","[""策展""]","[""广州""]","[""广州市明道文化科技集团股份有限公司""]","[""股份制企业""]","[""500-999人""]","""http://special.zhaopin.com/gz/2013/11034/gzsmd091266/""","[""1-3年""]","[""8K-10K""]","""大专"""
"[""https://jobs.zhaopin.com/CC287813584J00362792807.htm""]","[""高级外贸专员/外贸销售/外贸主管""]","[""广州-白云区""]","[""深圳市香蕉电子商务有限公司""]","[""民营""]","[""20-99人""]","""https://company.zhaopin.com/CZ287813580.htm""","[""1-3年""]","[""5K-10K""]","""大专"""
"[""https://jobs.zhaopin.com/CC883903300J00437578303.htm""]","[""影视工作者""]","[""广州""]","[""京元素(广州)影视文化有限公司""]","[""民营""]","[""20-99人""]","""https://company.zhaopin.com/CZ883903300.htm""","[""不限""]","[""6K-8K""]","""学历不限"""
"[""https://jobs.zhaopin.com/CC177889918J00388362008.htm""]","[""高级新媒体设计""]","[""广州""]","[""虎彩印艺股份有限公司""]","[""合资""]","[""1000-9999人""]","""https://company.zhaopin.com/CZ177889910.htm""","[""1-3年""]","[""10K-15K""]","""大专"""
"[""https://jobs.zhaopin.com/CC462226030J00363701704.htm""]","[""高薪聘请市场运营专员""]","[""广州-白云区""]","[""广东千喜企业管理有限公司""]","[""民营""]","[""20-99人""]","""https://company.zhaopin.com/CZ462226030.htm""","[""1年以下""]","[""8K-15K""]","""中专"""
"[""https://jobs.zhaopin.com/CC462226030J00363702104.htm""]","[""话务员（招商加盟）+包吃住""]","[""广州-白云区""]","[""广东千喜企业管理有限公司""]","[""民营""]","[""20-99人""]","""https://company.zhaopin.com/CZ462226030.htm""","[""无经验""]","[""7K-10K""]","""中专"""
"[""https://jobs.zhaopin.com/CC502962531J00389833808.htm""]","[""销售经理/咨询经理""]","[""广州-白云区""]","[""广州黑格力斯教育科技有限公司""]","[""股份制企业""]","[""100-499人""]","""https://company.zhaopin.com/CZ502962530.htm""","[""3-5年""]","[""15K-30K""]","""大专"""
"[""https://jobs.zhaopin.com/CC462226030J00363700604.htm""]","[""外卖运营专员""]","[""广州-白云区""]","[""广东千喜企业管理有限公司""]","[""民营""]","[""20-99人""]","""https://company.zhaopin.com/CZ462226030.htm""","[""1年以下""]","[""8K-15K""]","""中专"""
"[""https://jobs.zhaopin.com/CC460900422J00284129703.htm""]","[""制作人""]","[""广州""]","[""广州市明道文化科技集团股份有限公司""]","[""股份制企业""]","[""500-999人""]","""http://special.zhaopin.com/gz/2013/11034/gzsmd091266/""","[""1-3年""]","[""10K-15K""]","""本科"""
"[""https://jobs.zhaopin.com/CC120917163J00434291605.htm""]","[""坐席专员""]","[""广州""]","[""锦创科技股份有限公司""]","[""股份制企业""]","[""1000-9999人""]","""https://company.zhaopin.com/CZ120917160.htm""","[""不限""]","[""4K-6K""]","""大专"""
"[""https://jobs.zhaopin.com/CC883903300J00428559503.htm""]","[""影视业务代表（周末双休）""]","[""广州""]","[""京元素(广州)影视文化有限公司""]","[""民营""]","[""20-99人""]","""https://company.zhaopin.com/CZ883903300.htm""","[""不限""]","[""6K-8K""]","""大专"""
"[""https://jobs.zhaopin.com/CC462226030J00367280204.htm""]","[""急聘招商专员（月入8000-12000，包吃住）""]","[""广州-白云区""]","[""广东千喜企业管理有限公司""]","[""民营""]","[""20-99人""]","""https://company.zhaopin.com/CZ462226030.htm""","[""不限""]","[""8K-12K""]","""学历不限"""
"[""https://jobs.zhaopin.com/CC462226030J00363698604.htm""]","[""新媒体优化运营/文案策划""]","[""广州-白云区""]","[""广东千喜企业管理有限公司""]","[""民营""]","[""20-99人""]","""https://company.zhaopin.com/CZ462226030.htm""","[""1-3年""]","[""8K-12K""]","""大专"""
"[""https://jobs.zhaopin.com/136388318250817.htm""]","[""助理技术工程师（灯光/音响/视频）""]","[""广州""]","[""广州励丰文化科技股份有限公司""]","[""上市公司""]","[""100-499人""]","""https://company.zhaopin.com/CZ136388310.htm""","[""不限""]","[""4K-6K""]","""本科"""
"[""https://jobs.zhaopin.com/301398910250347.htm""]","[""主管会计""]","[""广州""]","[""广州金燕达观文化传播有限公司""]","[""民营""]","[""100-499人""]","""https://company.zhaopin.com/CZ301398910.htm""","[""3-5年""]","[""6K-8K""]","""本科"""
"[""https://jobs.zhaopin.com/CC340920883J00233484411.htm""]","[""广州区域银行渠道销售""]","[""广州-越秀区""]","[""中艺黄金控股股份有限公司""]","[""股份制企业""]","[""1000-9999人""]","""https://company.zhaopin.com/CZ340920880.htm""","[""不限""]","[""5K-8K""]","""大专"""
"[""https://jobs.zhaopin.com/CC807527670J00350109508.htm""]","[""（2020届校招）HR管培生""]","[""广州-海珠区""]","[""广州茉莉传媒科技有限公司""]","[""民营""]","[""100-499人""]","""https://company.zhaopin.com/CZ807527670.htm""","[""无经验""]","[""5K-6K""]","""学历不限"""
"[""https://jobs.zhaopin.com/CC433946121J00522584605.htm""]","[""运动瑜伽服设计师""]","[""广州""]","[""上海笕尚服饰有限公司""]","[""民营""]","[""1000-9999人""]","""https://company.zhaopin.com/CZ433946120.htm""","[""3-5年""]","[""6K-12K""]","""本科"""
"[""https://jobs.zhaopin.com/CC460900422J00284128003.htm""]","[""美术指导""]","[""广州""]","[""广州市明道文化科技集团股份有限公司""]","[""股份制企业""]","[""500-999人""]","""http://special.zhaopin.com/gz/2013/11034/gzsmd091266/""","[""1-3年""]","[""8K-10K""]","""大专"""
"[""https://jobs.zhaopin.com/CC839355210J00237007602.htm""]","[""公司文案策划专员""]","[""广州-天河区""]","[""米多科技有限公司""]","[""民营""]","[""100-499人""]","""https://company.zhaopin.com/CZ839355210.htm""","[""不限""]","[""4K-6K""]","""大专"""
"[""https://jobs.zhaopin.com/CZ731903290J00041570402.htm""]","[""品牌推广专员双休/社保""]","[""广州""]","[""广州书甄医疗器械有限公司""]","[""民营""]","[""20人以下""]","""https://company.zhaopin.com/CZ731903290.htm""","[""1-3年""]","[""3.5K-5K""]","""大专"""
"[""https://jobs.zhaopin.com/CC318920230J00278374208.htm""]","[""人事专员""]","[""广州""]","[""广州乐贝文化发展有限公司""]","[""民营""]","[""20-99人""]","""https://company.zhaopin.com/CZ318920230.htm""","[""1-3年""]","[""3.5K-4.5K""]","""大专"""
"[""https://jobs.zhaopin.com/CC889714050J00341818806.htm""]","[""外贸专员（汽车配件无责任底薪+提成）""]","[""广州""]","[""阿普罗(广州)实业控股有限公司""]","[""民营""]","[""20-99人""]","""https://company.zhaopin.com/CZ889714050.htm""","[""1-3年""]","[""8K-10K""]","""学历不限"""
"[""https://jobs.zhaopin.com/CC277804917J00309289004.htm""]","[""新媒体运营/文案策划""]","[""广州-荔湾区""]","[""秋华(广州)服饰有限公司""]","[""民营""]","[""100-499人""]","""https://company.zhaopin.com/CZ277804910.htm""","[""3-5年""]","[""6K-8K""]","""大专"""
"[""https://jobs.zhaopin.com/CC264083089J00230210205.htm""]","[""文案策划""]","[""广州""]","[""广东嘉荣环保新能源科技有限公司""]","[""民营""]","[""20-99人""]","""https://company.zhaopin.com/CZ264083080.htm""","[""1-3年""]","[""6K-10K""]","""大专"""
"[""https://jobs.zhaopin.com/CZ665121080J00258992905.htm""]","[""会计主管""]","[""广州""]","[""广东加马生物科技有限公司""]","[""民营""]","[""20-99人""]","""https://company.zhaopin.com/CZ665121080.htm""","[""1-3年""]","[""6K-8K""]","""大专"""
"[""https://jobs.zhaopin.com/CC889714050J00296980106.htm""]","[""外贸主管""]","[""广州""]","[""阿普罗(广州)实业控股有限公司""]","[""民营""]","[""20-99人""]","""https://company.zhaopin.com/CZ889714050.htm""","[""1-3年""]","[""8K-10K""]","""学历不限"""
"[""https://jobs.zhaopin.com/CC318920230J00286792908.htm""]","[""市场专员""]","[""广州-天河区""]","[""广州乐贝文化发展有限公司""]","[""民营""]","[""20-99人""]","""https://company.zhaopin.com/CZ318920230.htm""","[""不限""]","[""4K-6K""]","""学历不限"""
"[""https://jobs.zhaopin.com/CC889714050J00330802806.htm""]","[""阿里巴巴运营（国际站）双休+高薪+提成""]","[""广州""]","[""阿普罗(广州)实业控股有限公司""]","[""民营""]","[""20-99人""]","""https://company.zhaopin.com/CZ889714050.htm""","[""1-3年""]","[""8K-10K""]","""大专"""
"[""https://jobs.zhaopin.com/CC889714050J00296968906.htm""]","[""Alibaba阿里巴巴国际站外贸业务员""]","[""广州""]","[""阿普罗(广州)实业控股有限公司""]","[""民营""]","[""20-99人""]","""https://company.zhaopin.com/CZ889714050.htm""","[""1-3年""]","[""8K-16K""]","""大专"""
"[""https://jobs.zhaopin.com/CC889714050J00300278106.htm""]","[""石材外贸专员（无责任底薪+提成）""]","[""广州""]","[""阿普罗(广州)实业控股有限公司""]","[""民营""]","[""20-99人""]","""https://company.zhaopin.com/CZ889714050.htm""","[""1-3年""]","[""8K-10K""]","""学历不限"""
"[""https://jobs.zhaopin.com/CC393401521J00432995701.htm""]","[""c4d平面设计师""]","[""广州-天河区""]","[""广州大优广告有限公司""]","[""民营""]","[""20-99人""]","""https://company.zhaopin.com/CZ393401520.htm""","[""1-3年""]","[""8K-10K""]","""大专"""
"[""https://jobs.zhaopin.com/CC318920230J00286791808.htm""]","[""无责任电话邀约客服""]","[""广州-越秀区""]","[""广州乐贝文化发展有限公司""]","[""民营""]","[""20-99人""]","""https://company.zhaopin.com/CZ318920230.htm""","[""不限""]","[""5K-8K""]","""中专"""
"[""https://jobs.zhaopin.com/CZ751693190J00259531208.htm""]","[""线上运营专员/主管""]","[""广州-天河区""]","[""广州楠哥教育咨询有限公司""]","[""民营""]","[""20-99人""]","""https://company.zhaopin.com/CZ751693190.htm""","[""不限""]","[""5K-10K""]","""大专"""
"[""https://jobs.zhaopin.com/CC657453928J00435701201.htm""]","[""课程顾问/形体课程顾问主管""]","[""广州""]","[""广州市黄埔逸成教育培训中心""]","[""民营""]","[""20-99人""]","""https://company.zhaopin.com/CZ657453920.htm""","[""1-3年""]","[""8K-16K""]","""大专"""
"[""https://jobs.zhaopin.com/CZ751693190J00303717708.htm""]","[""新媒体运营专员/主管""]","[""广州-天河区""]","[""广州楠哥教育咨询有限公司""]","[""民营""]","[""20-99人""]","""https://company.zhaopin.com/CZ751693190.htm""","[""不限""]","[""5K-10K""]","""大专"""
"[""https://jobs.zhaopin.com/CC889714050J00297508806.htm""]","[""外贸专员（无责任底薪+提成+双休）""]","[""广州""]","[""阿普罗(广州)实业控股有限公司""]","[""民营""]","[""20-99人""]","""https://company.zhaopin.com/CZ889714050.htm""","[""1-3年""]","[""8K-10K""]","""学历不限"""
"[""https://jobs.zhaopin.com/CC889714050J00330849906.htm""]","[""阿里巴巴国际站运营（双休+提成）""]","[""广州""]","[""阿普罗(广州)实业控股有限公司""]","[""民营""]","[""20-99人""]","""https://company.zhaopin.com/CZ889714050.htm""","[""1-3年""]","[""6K-8K""]","""大专"""
"[""https://jobs.zhaopin.com/CC865815540J00343500203.htm""]","[""文案策划""]","[""广州-白云区""]","[""广东省宝禾元大健康发展有限公司""]","[""合资""]","[""100-499人""]","""https://company.zhaopin.com/CZ865815540.htm""","[""1-3年""]","[""6K-8K""]","""大专"""
"[""https://jobs.zhaopin.com/CC637653980J00349838307.htm""]","[""广告文案编辑""]","[""广州""]","[""广州创业快车企业管理有限公司""]","[""股份制企业""]","[""100-499人""]","""https://company.zhaopin.com/CZ637653980.htm""","[""不限""]","[""4K-6K""]","""学历不限"""
"[""https://jobs.zhaopin.com/CZ419451980J00379357007.htm""]","[""凤凰社工站领域主管""]","[""广州""]","[""广州市天河区嘉禧社会工作服务中心""]","[""其它""]","[""20-99人""]","""https://company.zhaopin.com/CZ419451980.htm""","[""1-3年""]","[""4.5K-5.5K""]","""大专"""
"[""https://jobs.zhaopin.com/CC144913353J00242675408.htm""]","[""幼儿园园长""]","[""广州-白云区""]","[""广东技术师范学院天河学院""]","[""民营""]","[""500-999人""]","""https://company.zhaopin.com/CZ144913350.htm""","[""3-5年""]","[""10K-15K""]","""本科"""
"[""https://jobs.zhaopin.com/CC573397488J00294846403.htm""]","[""原料开发工程师""]","[""广州-白云区""]","[""广州季泉化妆品有限公司""]","[""民营""]","[""500-999人""]","""https://company.zhaopin.com/CZ573397480.htm""","[""1-3年""]","[""10K-15K""]","""硕士"""
"[""https://jobs.zhaopin.com/443029520250092.htm""]","[""文案""]","[""广州""]","[""广州奥韵汇家居科技发展有限公司""]","[""其它""]","[""500-999人""]","""https://company.zhaopin.com/CZ443029520.htm""","[""不限""]","[""4K-6K""]","""大专"""
"[""https://jobs.zhaopin.com/CC393401521J00250762001.htm""]","[""资深包装设计师""]","[""广州-天河区""]","[""广州大优广告有限公司""]","[""民营""]","[""20-99人""]","""https://company.zhaopin.com/CZ393401520.htm""","[""3-5年""]","[""8K-10K""]","""大专"""
"[""https://jobs.zhaopin.com/CC253555186J00437511907.htm""]","[""摄影师""]","[""广州-天河区""]","[""广州合摩计算机科技有限公司""]","[""民营""]","[""100-499人""]","""https://company.zhaopin.com/CZ253555180.htm""","[""不限""]","[""8K-12K""]","""大专"""
"[""https://jobs.zhaopin.com/CC606807121J00125090806.htm""]","[""文案（朝九晚六+五险一金+地铁口）""]","[""广州-白云区""]","[""国扬广告(香港)股份有限公司""]","[""股份制企业""]","[""20-99人""]","""http://special.zhaopin.com/pagepublish/60680712/index.html""","[""1-3年""]","[""4K-6K""]","""大专"""
"[""https://jobs.zhaopin.com/CC845502170J00280546702.htm""]","[""资深品牌设计师""]","[""广州""]","[""广州差异化品牌管理有限公司""]","[""民营""]","[""20人以下""]","""https://company.zhaopin.com/CZ845502170.htm""","[""5-10年""]","[""6K-8K""]","""本科"""
"[""https://jobs.zhaopin.com/688103085250003.htm""]","[""家居行业广告销售精英""]","[""广州-海珠区""]","[""广州鼎承文化传媒科技有限公司""]","[""民营""]","[""20-99人""]","""https://company.zhaopin.com/CZ688103080.htm""","[""1-3年""]","[""6K-12K""]","""大专"""
"[""https://jobs.zhaopin.com/CZ419451980J00235000507.htm""]","[""一线社工（招聘若干）""]","[""广州""]","[""广州市天河区嘉禧社会工作服务中心""]","[""其它""]","[""20-99人""]","""https://company.zhaopin.com/CZ419451980.htm""","[""1-3年""]","[""3.5K-4.5K""]","""大专"""
"[""https://jobs.zhaopin.com/CZ846413260J00321521707.htm""]","[""新媒体运营""]","[""广州""]","[""广州威慈餐饮有限公司""]","[""民营""]","[""20-99人""]","""https://company.zhaopin.com/CZ846413260.htm""","[""1-3年""]","[""3.5K-5K""]","""大专"""
"[""https://jobs.zhaopin.com/39340152190250016000.htm""]","[""3D设计师""]","[""广州""]","[""广州大优广告有限公司""]","[""民营""]","[""20-99人""]","""https://company.zhaopin.com/CZ393401520.htm""","[""1-3年""]","[""6K-8K""]","""大专"""
"[""https://jobs.zhaopin.com/CZ727494690J00240539506.htm""]","[""文案策划""]","[""广州-花都区""]","[""广州市美辰文化传播有限公司""]","[""民营""]","[""20-99人""]","""https://company.zhaopin.com/CZ727494690.htm""","[""1-3年""]","[""4K-6K""]","""本科"""
"[""https://jobs.zhaopin.com/CZ771967890J00259003206.htm""]","[""直播运营""]","[""广州""]","[""广州市点缤汽车用品有限公司""]","[""民营""]","[""100-499人""]","""https://company.zhaopin.com/CZ771967890.htm""","[""1年以下""]","[""4K-8K""]","""大专"""
"[""https://jobs.zhaopin.com/CC370314332J00257170302.htm""]","[""空间设计师（智在云天）""]","[""广州-海珠区""]","[""广州智在云天文化科技有限公司""]","[""民营""]","[""100-499人""]","""https://company.zhaopin.com/CZ370314330.htm""","[""5-10年""]","[""8K-15K""]","""大专"""
"[""https://jobs.zhaopin.com/CC845502170J00280555602.htm""]","[""品牌设计师""]","[""广州""]","[""广州差异化品牌管理有限公司""]","[""民营""]","[""20人以下""]","""https://company.zhaopin.com/CZ845502170.htm""","[""3-5年""]","[""4K-6K""]","""本科"""
"[""https://jobs.zhaopin.com/336104881250017.htm""]","[""平面设计（实习）""]","[""广州""]","[""广州市意本象品牌策划有限公司""]","[""股份制企业""]","[""20-99人""]","""https://company.zhaopin.com/CZ336104880.htm""","[""不限""]","[""1K以下""]","""大专"""
"[""https://jobs.zhaopin.com/CC318920230J00286792808.htm""]","[""市场专员""]","[""广州-越秀区""]","[""广州乐贝文化发展有限公司""]","[""民营""]","[""20-99人""]","""https://company.zhaopin.com/CZ318920230.htm""","[""不限""]","[""4K-6K""]","""学历不限"""
"[""https://jobs.zhaopin.com/CC531898523J00389183205.htm""]","[""多媒体策划""]","[""广州""]","[""广州力天展览设计工程有限公司""]","[""民营""]","[""100-499人""]","""https://company.zhaopin.com/CZ531898520.htm""","[""1-3年""]","[""5K-10K""]","""大专"""
"[""https://jobs.zhaopin.com/CC318920230J00278214208.htm""]","[""高级课程顾问""]","[""广州""]","[""广州乐贝文化发展有限公司""]","[""民营""]","[""20-99人""]","""https://company.zhaopin.com/CZ318920230.htm""","[""1-3年""]","[""7K-10K""]","""中专"""
"[""https://jobs.zhaopin.com/CC637653980J00407808107.htm""]","[""广告文案""]","[""广州""]","[""广州创业快车企业管理有限公司""]","[""股份制企业""]","[""100-499人""]","""https://company.zhaopin.com/CZ637653980.htm""","[""不限""]","[""4K-6K""]","""学历不限"""
"[""https://jobs.zhaopin.com/CC892390750J00352742204.htm""]","[""销售经理""]","[""广州""]","[""珞珈文化发展(广州)有限公司""]","[""民营""]","[""20人以下""]","""https://company.zhaopin.com/CZ892390750.htm""","[""3-5年""]","[""10K-15K""]","""本科"""
"[""https://jobs.zhaopin.com/CC318920230J00409808608.htm""]","[""优拓邦英语老师 - 高提成 （转介绍新生业绩 7% 提成）+ 季度分红""]","[""广州""]","[""广州乐贝文化发展有限公司""]","[""民营""]","[""20-99人""]","""https://company.zhaopin.com/CZ318920230.htm""","[""不限""]","[""6K-12K""]","""中专"""
"[""https://jobs.zhaopin.com/CC318920230J00278207208.htm""]","[""中级课程顾问""]","[""广州""]","[""广州乐贝文化发展有限公司""]","[""民营""]","[""20-99人""]","""https://company.zhaopin.com/CZ318920230.htm""","[""不限""]","[""6K-9K""]","""中专"""
"[""https://jobs.zhaopin.com/CC318920230J00278252208.htm""]","[""市场专员""]","[""广州""]","[""广州乐贝文化发展有限公司""]","[""民营""]","[""20-99人""]","""https://company.zhaopin.com/CZ318920230.htm""","[""不限""]","[""4K-6K""]","""学历不限"""
"[""https://jobs.zhaopin.com/CC843822240J00499197301.htm""]","[""平面设计""]","[""广州""]","[""广州市带领者辅料贸易有限责任公司""]","[""民营""]","[""100-499人""]","""https://company.zhaopin.com/CZ843822240.htm""","[""1-3年""]","[""4.5K-6K""]","""中专"""
"[""https://jobs.zhaopin.com/CC318920230J00409752708.htm""]","[""优拓邦英语中心校长 - 配股 高提成""]","[""广州""]","[""广州乐贝文化发展有限公司""]","[""民营""]","[""20-99人""]","""https://company.zhaopin.com/CZ318920230.htm""","[""3-5年""]","[""15K-30K""]","""大专"""
"[""https://jobs.zhaopin.com/CC377498880J00510847501.htm""]","[""品牌文案策划""]","[""广州-海珠区""]","[""昆山巨星行动电子商务有限公司""]","[""民营""]","[""500-999人""]","""https://company.zhaopin.com/CZ377498880.htm""","[""1-3年""]","[""6K-8K""]","""大专"""
"[""https://jobs.zhaopin.com/CC318920230J00278232308.htm""]","[""无责任电话邀约客服""]","[""广州""]","[""广州乐贝文化发展有限公司""]","[""民营""]","[""20-99人""]","""https://company.zhaopin.com/CZ318920230.htm""","[""不限""]","[""5K-8K""]","""中专"""
"[""https://jobs.zhaopin.com/CC637653980J00330744707.htm""]","[""文案专员""]","[""广州""]","[""广州创业快车企业管理有限公司""]","[""股份制企业""]","[""100-499人""]","""https://company.zhaopin.com/CZ637653980.htm""","[""1-3年""]","[""4K-6K""]","""学历不限"""
"[""https://jobs.zhaopin.com/CCL1224356180J00469252503.htm""]","[""招聘专员/助理待遇从优""]","[""广州""]","[""广东纳百川企业管理有限公司""]","[""民营""]","[""20-99人""]","""https://company.zhaopin.com/CZL1224356180.htm""","[""不限""]","[""2K-4K""]","""学历不限"""
"[""https://jobs.zhaopin.com/CC318920230J00409781608.htm""]","[""优拓邦英语中心销售/课程顾问 - 最高业绩提成 15% + 分红""]","[""广州""]","[""广州乐贝文化发展有限公司""]","[""民营""]","[""20-99人""]","""https://company.zhaopin.com/CZ318920230.htm""","[""不限""]","[""8K-16K""]","""中专"""
"[""https://jobs.zhaopin.com/CC637653980J00340782107.htm""]","[""文案专员""]","[""广州""]","[""广州创业快车企业管理有限公司""]","[""股份制企业""]","[""100-499人""]","""https://company.zhaopin.com/CZ637653980.htm""","[""无经验""]","[""4K-6K""]","""学历不限"""
"[""https://jobs.zhaopin.com/CC897972140J00474845507.htm""]","[""文案策划""]","[""广州""]","[""广州北纬纯净食品有限公司""]","[""民营""]","[""20-99人""]","""https://company.zhaopin.com/CZ897972140.htm""","[""3-5年""]","[""6K-8K""]","""大专"""
"[""https://jobs.zhaopin.com/CC406838780J00451354807.htm""]","[""品牌策划""]","[""广州""]","[""广州市佳马贸易有限公司""]","[""民营""]","[""20-99人""]","""https://company.zhaopin.com/CZ406838780.htm""","[""1-3年""]","[""8K-15K""]","""中专"""
"[""https://jobs.zhaopin.com/CC892848820J00455299903.htm""]","[""电商店群项目运营合伙人""]","[""广州-番禺区""]","[""星工场区块链科技(广州)有限公司""]","[""民营""]","[""100-499人""]","""https://company.zhaopin.com/CZ892848820.htm""","[""5-10年""]","[""100K-150K""]","""本科"""
"[""https://jobs.zhaopin.com/CCL1224356180J00469250503.htm""]","[""诚聘人力资源招聘专员3800元/月以上""]","[""广州""]","[""广东纳百川企业管理有限公司""]","[""民营""]","[""20-99人""]","""https://company.zhaopin.com/CZL1224356180.htm""","[""不限""]","[""4K-6K""]","""学历不限"""
"[""https://jobs.zhaopin.com/CC701626380J00464109407.htm""]","[""文案策划""]","[""广州""]","[""广州游行迹新媒体科技有限公司""]","[""股份制企业""]","[""20-99人""]","""https://company.zhaopin.com/CZ701626380.htm""","[""3-5年""]","[""6K-8K""]","""大专"""
"[""https://jobs.zhaopin.com/CC318920230J00409726708.htm""]","[""中心校长""]","[""广州""]","[""广州乐贝文化发展有限公司""]","[""民营""]","[""20-99人""]","""https://company.zhaopin.com/CZ318920230.htm""","[""3-5年""]","[""15K-30K""]","""大专"""
"[""https://jobs.zhaopin.com/CC318920230J00278184708.htm""]","[""初级课程顾问""]","[""广州""]","[""广州乐贝文化发展有限公司""]","[""民营""]","[""20-99人""]","""https://company.zhaopin.com/CZ318920230.htm""","[""无经验""]","[""5K-8K""]","""中专"""
"[""https://jobs.zhaopin.com/CC706142880J00505732001.htm""]","[""市场策划""]","[""广州""]","[""广州市嘉成电子有限公司""]","[""民营""]","[""100-499人""]","""https://company.zhaopin.com/CZ706142880.htm""","[""1-3年""]","[""4K-8K""]","""大专"""
"[""https://jobs.zhaopin.com/CC318920230J00278346108.htm""]","[""行政助理""]","[""广州""]","[""广州乐贝文化发展有限公司""]","[""民营""]","[""20-99人""]","""https://company.zhaopin.com/CZ318920230.htm""","[""不限""]","[""3K-4.5K""]","""高中"""
"[""https://jobs.zhaopin.com/CC318920230J00286815008.htm""]","[""教务助理/教务客服""]","[""广州-越秀区""]","[""广州乐贝文化发展有限公司""]","[""民营""]","[""20-99人""]","""https://company.zhaopin.com/CZ318920230.htm""","[""不限""]","[""3K-4.5K""]","""高中"""
"[""https://jobs.zhaopin.com/496292329250243.htm""]","[""英语翻译(专业级/短片类)""]","[""广州""]","[""深圳市深度文化传媒有限公司""]","[""民营""]","[""20-99人""]","""https://company.zhaopin.com/CZ496292320.htm""","[""不限""]","[""4K-6K""]","""本科"""
"[""https://jobs.zhaopin.com/CC340920883J00192141111.htm""]","[""银行渠道销售""]","[""广州""]","[""中艺黄金控股股份有限公司""]","[""股份制企业""]","[""1000-9999人""]","""https://company.zhaopin.com/CZ340920880.htm""","[""不限""]","[""4K-6K""]","""大专"""
"[""https://jobs.zhaopin.com/CZ895411540J00309480103.htm""]","[""物流专员""]","[""广州""]","[""广州季泉化妆品有限公司""]","[""民营""]","[""500-999人""]","""https://company.zhaopin.com/CZ895411540.htm""","[""1-3年""]","[""4K-5K""]","""大专"""
"[""https://jobs.zhaopin.com/CZ895411540J00291160303.htm""]","[""bd经理""]","[""广州""]","[""广州季泉化妆品有限公司""]","[""民营""]","[""500-999人""]","""https://company.zhaopin.com/CZ895411540.htm""","[""1-3年""]","[""13K-25K""]","""大专"""
"[""https://jobs.zhaopin.com/CZ895411540J00080111803.htm""]","[""仓库文员/文员""]","[""广州""]","[""广州季泉化妆品有限公司""]","[""民营""]","[""500-999人""]","""https://company.zhaopin.com/CZ895411540.htm""","[""1-3年""]","[""4K-5K""]","""大专"""
"[""https://jobs.zhaopin.com/CC573397488J00437311303.htm""]","[""产品经理（彩妆）""]","[""广州-白云区""]","[""广州季泉化妆品有限公司""]","[""民营""]","[""500-999人""]","""https://company.zhaopin.com/CZ573397480.htm""","[""3-5年""]","[""10K-15K""]","""大专"""
"[""https://jobs.zhaopin.com/CZ895411540J00294848303.htm""]","[""原料开发工程师""]","[""广州""]","[""广州季泉化妆品有限公司""]","[""民营""]","[""500-999人""]","""https://company.zhaopin.com/CZ895411540.htm""","[""1-3年""]","[""8K-12K""]","""硕士"""
"[""https://jobs.zhaopin.com/263264713250059.htm""]","[""招商主管""]","[""广州""]","[""广州市美居置业发展有限公司""]","[""民营""]","[""20-99人""]","""http://special.zhaopin.com/pagepublish/26326471/index.html""","[""10年以上""]","[""8K-10K""]","""大专"""
"[""https://jobs.zhaopin.com/CC318920230J00278175608.htm""]","[""高级英语教师""]","[""广州""]","[""广州乐贝文化发展有限公司""]","[""民营""]","[""20-99人""]","""https://company.zhaopin.com/CZ318920230.htm""","[""3-5年""]","[""8K-10K""]","""大专"""
"[""https://jobs.zhaopin.com/CZ208681280J00447741001.htm""]","[""电脑安装及维护""]","[""广州""]","[""广州凡卓智能科技有限公司""]","[""民营""]","[""20-99人""]","""https://company.zhaopin.com/CZ208681280.htm""","[""无经验""]","[""3K-5K""]","""高中"""
"[""https://jobs.zhaopin.com/CC673178730J00339968102.htm""]","[""资深平面设计""]","[""广州-天河区""]","[""广州市蔻波生物科技有限公司""]","[""民营""]","[""500-999人""]","""https://company.zhaopin.com/CZ673178730.htm""","[""3-5年""]","[""8K-10K""]","""大专"""
"[""https://jobs.zhaopin.com/CZ624112830J00226268404.htm""]","[""BD商务总监""]","[""广州""]","[""广州版权产业服务中心有限公司""]","[""民营""]","[""20-99人""]","""https://company.zhaopin.com/CZ624112830.htm""","[""5-10年""]","[""15K-20K""]","""大专"""
"[""https://jobs.zhaopin.com/CZ725148290J00023786506.htm""]","[""文案策划专员""]","[""广州""]","[""广州阳光假日国际旅行社有限公司金沙洲分公司""]","[""民营""]","[""20-99人""]","""https://company.zhaopin.com/CZ725148290.htm""","[""3-5年""]","[""3K-5K""]","""大专"""
"[""https://jobs.zhaopin.com/CZ208681280J00390068401.htm""]","[""电脑安装调试""]","[""广州""]","[""广州凡卓智能科技有限公司""]","[""民营""]","[""20-99人""]","""https://company.zhaopin.com/CZ208681280.htm""","[""1-3年""]","[""4K-6K""]","""学历不限"""
"[""https://jobs.zhaopin.com/CC891430410J00308704102.htm""]","[""化妆品文案专员""]","[""广州""]","[""广州桔子文化传媒有限公司""]","[""民营""]","[""20-99人""]","""https://company.zhaopin.com/CZ891430410.htm""","[""1-3年""]","[""4K-6K""]","""大专"""
"[""https://jobs.zhaopin.com/CC545371521J00434169301.htm""]","[""文创产品销售""]","[""广州""]","[""广州立盈文化艺术策划服务有限公司""]","[""民营""]","[""20人以下""]","""https://company.zhaopin.com/CZ545371520.htm""","[""1-3年""]","[""4K-6K""]","""本科"""
"[""https://jobs.zhaopin.com/CC418098131J00304324806.htm""]","[""文案编辑/策划（双休+入职社保）""]","[""广州-天河区""]","[""广州尚尘玺服装有限公司""]","[""民营""]","[""100-499人""]","""https://company.zhaopin.com/CZ418098130.htm""","[""1-3年""]","[""6K-8K""]","""大专"""
"[""https://jobs.zhaopin.com/CC750924790J00332544408.htm""]","[""优秀电商文案策划""]","[""广州""]","[""广州美策信息科技有限公司""]","[""其它""]","[""20人以下""]","""https://company.zhaopin.com/CZ750924790.htm""","[""1-3年""]","[""3K-6K""]","""大专"""
"[""https://jobs.zhaopin.com/CC526447328J00154136505.htm""]","[""空间设计师""]","[""广州-海珠区""]","[""广州一渡传智品牌策划有限公司""]","[""民营""]","[""20人以下""]","""https://company.zhaopin.com/CZ526447320.htm""","[""1-3年""]","[""8K-10K""]","""本科"""
"[""https://jobs.zhaopin.com/CC384861533J00230790502.htm""]","[""新媒体运营""]","[""广州""]","[""广州奥广文化传播有限公司""]","[""民营""]","[""20-99人""]","""https://company.zhaopin.com/CZ384861530.htm""","[""1-3年""]","[""4K-6K""]","""本科"""
"[""https://jobs.zhaopin.com/CC378942881J00452181907.htm""]","[""渠道经理""]","[""广州-白云区""]","[""广州三通供应链有限公司""]","[""民营""]","[""20-99人""]","""https://company.zhaopin.com/CZ378942880.htm""","[""1-3年""]","[""8K-10K""]","""本科"""
"[""https://jobs.zhaopin.com/CC526447328J00157896605.htm""]","[""品牌设计组长""]","[""广州-海珠区""]","[""广州一渡传智品牌策划有限公司""]","[""民营""]","[""20人以下""]","""https://company.zhaopin.com/CZ526447320.htm""","[""3-5年""]","[""6K-12K""]","""本科"""
"[""https://jobs.zhaopin.com/CC203942716J00146416008.htm""]","[""文案策划""]","[""广州""]","[""广州市越秀区环球精英培训中心""]","[""外商独资""]","[""1000-9999人""]","""http://special.zhaopin.com/pagepublish/20394271/index.html""","[""1-3年""]","[""4K-6K""]","""大专"""
"[""https://jobs.zhaopin.com/CC310111785J00440491303.htm""]","[""招商部经理 / 副总经理""]","[""广州-从化区""]","[""广州昊源互联教育科技研究院有限公司""]","[""民营""]","[""500-999人""]","""https://company.zhaopin.com/CZ310111780.htm""","[""5-10年""]","[""15K-20K""]","""本科"""
"[""https://jobs.zhaopin.com/CC208681286J00504915001.htm""]","[""平面设计""]","[""广州-番禺区""]","[""广州凡卓智能科技有限公司""]","[""民营""]","[""20-99人""]","""https://company.zhaopin.com/CZ208681280.htm""","[""1-3年""]","[""6K-10K""]","""大专"""
"[""https://jobs.zhaopin.com/286870935250010.htm""]","[""书法教师招聘""]","[""广州""]","[""广州敬正教育信息咨询有限公司""]","[""股份制企业""]","[""100-499人""]","""https://company.zhaopin.com/CZ286870930.htm""","[""不限""]","[""4K-6K""]","""学历不限"""
